row,split,region,true,pred_raw,pred_badcal,correct_raw,correct_badcal,prob_good,prob_medium,prob_bad,is_test,is_bad_core,is_bad_outlier
8536,test,good_medium_overlap,good,medium,medium,False,False,0.06387024372816086,0.9198257923126221,0.016303928568959236,True,False,False
11158,test,good_medium_overlap,good,medium,medium,False,False,0.13158172369003296,0.8520417213439941,0.016376568004488945,True,False,False
12093,test,good_medium_overlap,good,medium,medium,False,False,0.3770107626914978,0.6047433018684387,0.018245920538902283,True,False,False
12703,test,good_medium_overlap,good,medium,medium,False,False,0.28454336524009705,0.6961223483085632,0.019334279000759125,True,False,False
12756,test,good_medium_overlap,good,medium,medium,False,False,0.13987264037132263,0.8429233431816101,0.017204029485583305,True,False,False
12757,test,good_medium_overlap,good,medium,medium,False,False,0.057588811963796616,0.92591392993927,0.01649729162454605,True,False,False
12978,test,good_medium_overlap,good,medium,medium,False,False,0.17261838912963867,0.8088931441307068,0.018488414585590363,True,False,False
13004,test,good_medium_overlap,good,medium,medium,False,False,0.06209157034754753,0.9214858412742615,0.016422590240836143,True,False,False
13045,test,outlier_low_confidence,good,medium,medium,False,False,0.46974796056747437,0.5019978284835815,0.028254186734557152,True,False,False
13147,test,outlier_low_confidence,good,medium,medium,False,False,0.40263205766677856,0.5662564635276794,0.031111519783735275,True,False,False
13150,test,good_medium_overlap,good,medium,medium,False,False,0.034476667642593384,0.9508175849914551,0.014705785550177097,True,False,False
13170,test,good_medium_overlap,good,medium,medium,False,False,0.08410213887691498,0.8989003300666809,0.016997525468468666,True,False,False
13189,test,outlier_low_confidence,good,medium,medium,False,False,0.28085267543792725,0.6651636958122253,0.05398361384868622,True,False,False
13215,test,outlier_low_confidence,good,medium,medium,False,False,0.2672579288482666,0.7094939947128296,0.023248063400387764,True,False,False
13229,test,good_medium_overlap,good,medium,medium,False,False,0.30752572417259216,0.6750754714012146,0.01739882305264473,True,False,False
13340,test,outlier_low_confidence,good,medium,medium,False,False,0.3882977068424225,0.5614942908287048,0.05020799860358238,True,False,False
13436,test,good_medium_overlap,good,medium,medium,False,False,0.03046342171728611,0.9542217254638672,0.015314823016524315,True,False,False
13460,test,good_medium_overlap,good,medium,medium,False,False,0.04589031636714935,0.9387137293815613,0.015395893715322018,True,False,False
13557,test,outlier_low_confidence,good,medium,medium,False,False,0.42824041843414307,0.5230755805969238,0.048683974891901016,True,False,False
13606,test,outlier_low_confidence,good,medium,medium,False,False,0.41162431240081787,0.5463167428970337,0.04205901548266411,True,False,False
13675,test,outlier_low_confidence,good,medium,medium,False,False,0.09806722402572632,0.8792569637298584,0.022675814107060432,True,False,False
13693,test,outlier_low_confidence,good,medium,medium,False,False,0.40806105732917786,0.5266252756118774,0.06531369686126709,True,False,False
13755,test,good_medium_overlap,good,medium,medium,False,False,0.2752629518508911,0.7040687799453735,0.020668260753154755,True,False,False
13766,test,outlier_low_confidence,good,medium,medium,False,False,0.23832610249519348,0.6871253848075867,0.07454850524663925,True,False,False
13771,test,outlier_low_confidence,good,medium,medium,False,False,0.20500260591506958,0.7091895937919617,0.08580776304006577,True,False,False
13821,test,good_medium_overlap,good,medium,medium,False,False,0.1539895236492157,0.829137921333313,0.016872555017471313,True,False,False
13840,test,outlier_low_confidence,good,medium,medium,False,False,0.05046864226460457,0.9282752275466919,0.021256152540445328,True,False,False
13885,test,outlier_low_confidence,good,medium,medium,False,False,0.38120537996292114,0.5800573825836182,0.03873724490404129,True,False,False
13888,test,outlier_low_confidence,good,medium,medium,False,False,0.18299762904644012,0.7366263270378113,0.08037599921226501,True,False,False
13898,test,outlier_low_confidence,good,medium,medium,False,False,0.46024519205093384,0.5041255354881287,0.0356292799115181,True,False,False
13915,test,outlier_low_confidence,good,medium,medium,False,False,0.4670906662940979,0.49766385555267334,0.035245537757873535,True,False,False
13925,test,outlier_low_confidence,good,medium,medium,False,False,0.42815837264060974,0.5333458185195923,0.038495831191539764,True,False,False
13930,test,good_medium_overlap,good,medium,medium,False,False,0.48341554403305054,0.49481940269470215,0.02176498994231224,True,False,False
13940,test,good_medium_overlap,good,medium,medium,False,False,0.09729444980621338,0.8874719142913818,0.015233623795211315,True,False,False
13967,test,outlier_low_confidence,good,medium,medium,False,False,0.45715320110321045,0.5077067017555237,0.03514012694358826,True,False,False
13991,test,good_medium_overlap,good,medium,medium,False,False,0.32729682326316833,0.6542151570320129,0.018487995490431786,True,False,False
13997,test,good_medium_overlap,good,medium,medium,False,False,0.11677424609661102,0.8638462424278259,0.01937945932149887,True,False,False
13998,test,good_medium_overlap,good,medium,medium,False,False,0.04250456765294075,0.94052654504776,0.01696893200278282,True,False,False
14004,test,outlier_low_confidence,good,medium,medium,False,False,0.20882882177829742,0.7446469068527222,0.04652431979775429,True,False,False
14025,test,outlier_low_confidence,good,medium,medium,False,False,0.3466036021709442,0.6332257986068726,0.020170586183667183,True,False,False
14030,test,outlier_low_confidence,good,medium,medium,False,False,0.35610732436180115,0.6189687252044678,0.02492397464811802,True,False,False
14056,test,outlier_low_confidence,good,medium,medium,False,False,0.04268548637628555,0.9297440052032471,0.027570538222789764,True,False,False
14084,test,outlier_low_confidence,good,medium,medium,False,False,0.47369202971458435,0.49952587485313416,0.02678210474550724,True,False,False
14112,test,outlier_low_confidence,good,medium,medium,False,False,0.253973126411438,0.702919602394104,0.0431072898209095,True,False,False
14134,test,good_medium_overlap,good,medium,medium,False,False,0.4410483241081238,0.5405687689781189,0.018382912501692772,True,False,False
14137,test,outlier_low_confidence,good,medium,medium,False,False,0.3462428152561188,0.6251068711280823,0.028650308027863503,True,False,False
14138,test,outlier_low_confidence,good,medium,medium,False,False,0.40616580843925476,0.558782160282135,0.03505203500390053,True,False,False
14144,test,good_medium_overlap,good,medium,medium,False,False,0.4674416482448578,0.5169369578361511,0.015621430240571499,True,False,False
14159,test,outlier_low_confidence,good,medium,medium,False,False,0.04835202544927597,0.9279904961585999,0.02365752123296261,True,False,False
14171,test,outlier_low_confidence,good,medium,medium,False,False,0.19666048884391785,0.756334125995636,0.047005340456962585,True,False,False
14190,test,good_medium_overlap,good,medium,medium,False,False,0.17056585848331451,0.810662567615509,0.018771586939692497,True,False,False
14207,test,good_medium_overlap,good,medium,medium,False,False,0.3992762565612793,0.5818560123443604,0.018867764621973038,True,False,False
14212,test,outlier_low_confidence,good,medium,medium,False,False,0.2436436116695404,0.6981385350227356,0.05821778252720833,True,False,False
14223,test,outlier_low_confidence,good,medium,bad,False,False,0.2232392281293869,0.5468794107437134,0.2298813760280609,True,False,False
14244,test,outlier_low_confidence,good,medium,medium,False,False,0.3963683545589447,0.5812404751777649,0.022391190752387047,True,False,False
14263,test,outlier_low_confidence,good,medium,medium,False,False,0.3939244747161865,0.5533972382545471,0.05267826467752457,True,False,False
14264,test,outlier_low_confidence,good,medium,medium,False,False,0.0459183044731617,0.9290542006492615,0.025027450174093246,True,False,False
14268,test,outlier_low_confidence,good,medium,medium,False,False,0.07402016222476959,0.9056692123413086,0.020310593768954277,True,False,False
14276,test,outlier_low_confidence,good,medium,medium,False,False,0.41491827368736267,0.5162287950515747,0.0688529834151268,True,False,False
14279,test,outlier_low_confidence,good,medium,medium,False,False,0.29877668619155884,0.6428103446960449,0.05841297656297684,True,False,False
14300,test,good_medium_overlap,good,medium,medium,False,False,0.20651721954345703,0.7753943800926208,0.01808837242424488,True,False,False
14310,test,outlier_low_confidence,good,medium,medium,False,False,0.2379193753004074,0.705340564250946,0.05674009025096893,True,False,False
14312,test,outlier_low_confidence,good,medium,medium,False,False,0.3322202265262604,0.637992262840271,0.02978755533695221,True,False,False
14375,test,outlier_low_confidence,good,medium,medium,False,False,0.05752984806895256,0.9207548499107361,0.021715302020311356,True,False,False
14380,test,outlier_low_confidence,good,medium,medium,False,False,0.37731173634529114,0.5866056084632874,0.0360826812684536,True,False,False
14396,test,outlier_low_confidence,good,medium,medium,False,False,0.36747297644615173,0.5678920745849609,0.06463494151830673,True,False,False
14398,test,outlier_low_confidence,good,medium,medium,False,False,0.4433799386024475,0.5163172483444214,0.04030288755893707,True,False,False
14403,test,outlier_low_confidence,good,medium,medium,False,False,0.2595069408416748,0.6483792066574097,0.0921139046549797,True,False,False
14409,test,good_medium_overlap,good,medium,medium,False,False,0.05233636870980263,0.9320444464683533,0.015619215555489063,True,False,False
14440,test,outlier_low_confidence,good,medium,medium,False,False,0.4230615794658661,0.5399686098098755,0.03696973994374275,True,False,False
14446,test,good_medium_overlap,good,medium,medium,False,False,0.036415908485651016,0.9512735605239868,0.012310570105910301,True,False,False
14474,test,outlier_low_confidence,good,medium,medium,False,False,0.024355053901672363,0.9594487547874451,0.016196172684431076,True,False,False
14484,test,outlier_low_confidence,good,medium,medium,False,False,0.3374752402305603,0.6153900027275085,0.047134775668382645,True,False,False
14494,test,good_medium_overlap,good,medium,medium,False,False,0.09993163496255875,0.8812636137008667,0.01880481280386448,True,False,False
14501,test,outlier_low_confidence,good,medium,medium,False,False,0.058638326823711395,0.9108537435531616,0.030507922172546387,True,False,False
14544,test,outlier_low_confidence,good,medium,medium,False,False,0.40330034494400024,0.5702306032180786,0.026469044387340546,True,False,False
14561,test,good_medium_overlap,good,medium,medium,False,False,0.45818066596984863,0.5259448289871216,0.015874484553933144,True,False,False
14564,test,outlier_low_confidence,good,medium,medium,False,False,0.06090646982192993,0.9038351774215698,0.035258322954177856,True,False,False
14569,test,good_medium_overlap,good,medium,medium,False,False,0.034575946629047394,0.9488437175750732,0.016580266878008842,True,False,False
14575,test,outlier_low_confidence,good,medium,medium,False,False,0.44501346349716187,0.5188086032867432,0.036177948117256165,True,False,False
14580,test,outlier_low_confidence,good,medium,medium,False,False,0.4260442554950714,0.5373647809028625,0.03659098222851753,True,False,False
14584,test,outlier_low_confidence,good,medium,medium,False,False,0.27611953020095825,0.7016986608505249,0.02218179777264595,True,False,False
14599,test,outlier_low_confidence,good,medium,medium,False,False,0.2269144356250763,0.7329413890838623,0.040144164115190506,True,False,False
14601,test,outlier_low_confidence,good,medium,medium,False,False,0.03446299210190773,0.9446909427642822,0.02084607072174549,True,False,False
14626,test,outlier_low_confidence,good,medium,medium,False,False,0.036269254982471466,0.9425652027130127,0.021165544167160988,True,False,False
14647,test,outlier_low_confidence,good,medium,medium,False,False,0.4156831204891205,0.5499898791313171,0.03432703763246536,True,False,False
14653,test,outlier_low_confidence,good,medium,medium,False,False,0.03941657394170761,0.9345787763595581,0.026004696264863014,True,False,False
14665,test,outlier_low_confidence,good,medium,medium,False,False,0.43716713786125183,0.5219261646270752,0.04090671241283417,True,False,False
14690,test,outlier_low_confidence,good,medium,medium,False,False,0.3782108724117279,0.5670672655105591,0.054721809923648834,True,False,False
14733,test,good_medium_overlap,good,medium,medium,False,False,0.11134320497512817,0.8716846108436584,0.01697223260998726,True,False,False
14735,test,outlier_low_confidence,good,medium,medium,False,False,0.3828963339328766,0.5854613184928894,0.031642328947782516,True,False,False
14768,test,outlier_low_confidence,good,medium,medium,False,False,0.12150921672582626,0.836920976638794,0.0415697880089283,True,False,False
14828,test,outlier_low_confidence,good,medium,medium,False,False,0.29225438833236694,0.6801348924636841,0.02761077880859375,True,False,False
14852,test,good_medium_overlap,good,medium,medium,False,False,0.14551149308681488,0.8356996178627014,0.018788892775774002,True,False,False
14858,test,good_medium_overlap,good,medium,medium,False,False,0.27619388699531555,0.7040668725967407,0.019739273935556412,True,False,False
14865,test,good_medium_overlap,good,medium,medium,False,False,0.24879413843154907,0.73370760679245,0.017498210072517395,True,False,False
14874,test,outlier_low_confidence,good,medium,medium,False,False,0.06492487341165543,0.9006480574607849,0.034427087754011154,True,False,False
14889,test,outlier_low_confidence,good,medium,medium,False,False,0.4216651916503906,0.5524477958679199,0.025887051597237587,True,False,False
14890,test,outlier_low_confidence,good,medium,bad,False,False,0.23817291855812073,0.5538057684898376,0.20802132785320282,True,False,False
14898,test,outlier_low_confidence,good,medium,medium,False,False,0.04463290795683861,0.9262176752090454,0.029149416834115982,True,False,False
14903,test,outlier_low_confidence,good,medium,medium,False,False,0.4749554395675659,0.4895229935646057,0.035521604120731354,True,False,False
14907,test,good_medium_overlap,good,medium,medium,False,False,0.02165406569838524,0.9645789861679077,0.013766895048320293,True,False,False
14947,test,outlier_low_confidence,good,medium,medium,False,False,0.20429541170597076,0.7655115723609924,0.030193034559488297,True,False,False
14970,test,outlier_low_confidence,good,medium,medium,False,False,0.4637201428413391,0.479374498128891,0.056905362755060196,True,False,False
14977,test,outlier_low_confidence,good,medium,medium,False,False,0.06797727942466736,0.8901052474975586,0.041917458176612854,True,False,False
14982,test,outlier_low_confidence,good,medium,medium,False,False,0.3702350854873657,0.5900143980979919,0.03975045308470726,True,False,False
14986,test,outlier_low_confidence,good,medium,medium,False,False,0.048532672226428986,0.9212492108345032,0.030218135565519333,True,False,False
14988,test,outlier_low_confidence,good,medium,medium,False,False,0.026106519624590874,0.9569122791290283,0.016981203109025955,True,False,False
15042,test,outlier_low_confidence,good,medium,medium,False,False,0.16367745399475098,0.7548255920410156,0.08149688690900803,True,False,False
15059,test,outlier_low_confidence,good,medium,medium,False,False,0.059860821813344955,0.9041044116020203,0.036034781485795975,True,False,False
15060,test,good_medium_overlap,good,medium,medium,False,False,0.21641066670417786,0.7673799991607666,0.016209321096539497,True,False,False
15063,test,outlier_low_confidence,good,medium,medium,False,False,0.04453340545296669,0.9288215041160583,0.026645032688975334,True,False,False
15070,test,outlier_low_confidence,good,medium,medium,False,False,0.1973763406276703,0.7792627215385437,0.023360949009656906,True,False,False
15132,test,outlier_low_confidence,good,medium,medium,False,False,0.04401304945349693,0.9317829608917236,0.024204019457101822,True,False,False
15159,test,outlier_low_confidence,good,medium,medium,False,False,0.04491206631064415,0.9344683289527893,0.02061963826417923,True,False,False
15191,test,outlier_low_confidence,good,medium,medium,False,False,0.16058307886123657,0.7536621689796448,0.08575473725795746,True,False,False
15232,test,outlier_low_confidence,good,medium,medium,False,False,0.029986876994371414,0.9549538493156433,0.01505925040692091,True,False,False
15234,test,good_medium_overlap,good,medium,medium,False,False,0.20748279988765717,0.7697798609733582,0.022737348452210426,True,False,False
15239,test,good_medium_overlap,good,medium,medium,False,False,0.08748123794794083,0.895667314529419,0.016851438209414482,True,False,False
15248,test,good_medium_overlap,good,medium,medium,False,False,0.05392150953412056,0.9311838746070862,0.014894642867147923,True,False,False
15261,test,outlier_low_confidence,good,medium,medium,False,False,0.04975012689828873,0.9213784337043762,0.028871461749076843,True,False,False
15268,test,outlier_low_confidence,good,medium,medium,False,False,0.10304797440767288,0.8534938097000122,0.043458275496959686,True,False,False
15302,test,outlier_low_confidence,good,medium,medium,False,False,0.2197895348072052,0.7304336428642273,0.04977688565850258,True,False,False
15307,test,good_medium_overlap,good,medium,medium,False,False,0.15232518315315247,0.8311312794685364,0.016543569043278694,True,False,False
15322,test,good_medium_overlap,good,medium,medium,False,False,0.18913891911506653,0.7929259538650513,0.01793515495955944,True,False,False
15340,test,good_medium_overlap,good,medium,medium,False,False,0.2088957279920578,0.7683358788490295,0.022768361493945122,True,False,False
15390,test,outlier_low_confidence,good,medium,medium,False,False,0.04090667888522148,0.9333038926124573,0.025789475068449974,True,False,False
15419,test,outlier_low_confidence,good,medium,medium,False,False,0.33854615688323975,0.6188876628875732,0.04256614297628403,True,False,False
15447,test,outlier_low_confidence,good,medium,bad,False,False,0.23068556189537048,0.5529043078422546,0.21641016006469727,True,False,False
15463,test,outlier_low_confidence,good,medium,medium,False,False,0.21945659816265106,0.7554163336753845,0.025127114728093147,True,False,False
15469,test,outlier_low_confidence,good,medium,medium,False,False,0.043529316782951355,0.9275887608528137,0.028881974518299103,True,False,False
15495,test,good_medium_overlap,good,medium,medium,False,False,0.10647067427635193,0.8752327561378479,0.01829654537141323,True,False,False
15506,test,outlier_low_confidence,good,medium,medium,False,False,0.22051113843917847,0.700580358505249,0.0789085179567337,True,False,False
15517,test,good_medium_overlap,good,medium,medium,False,False,0.33681559562683105,0.6454178690910339,0.01776658557355404,True,False,False
15518,test,good_medium_overlap,good,medium,medium,False,False,0.28024569153785706,0.6957046389579773,0.024049706757068634,True,False,False
15539,test,outlier_low_confidence,good,medium,medium,False,False,0.3175026476383209,0.6637086272239685,0.018788717687129974,True,False,False
15552,test,outlier_low_confidence,good,medium,medium,False,False,0.05302874743938446,0.9235439896583557,0.02342732436954975,True,False,False
15614,test,outlier_low_confidence,good,medium,medium,False,False,0.28904280066490173,0.6820021271705627,0.02895503118634224,True,False,False
15622,test,outlier_low_confidence,good,medium,medium,False,False,0.17881126701831818,0.7960233092308044,0.02516547031700611,True,False,False
15642,test,outlier_low_confidence,good,medium,medium,False,False,0.024032820016145706,0.9590291976928711,0.01693796180188656,True,False,False
15645,test,outlier_low_confidence,good,medium,bad,False,False,0.2422313243150711,0.4775643050670624,0.2802043855190277,True,False,False
15651,test,outlier_low_confidence,good,medium,medium,False,False,0.13490156829357147,0.8493704795837402,0.015727946534752846,True,False,False
15672,test,outlier_low_confidence,good,medium,medium,False,False,0.05275838449597359,0.9320934414863586,0.015148165635764599,True,False,False
15683,test,good_medium_overlap,good,medium,medium,False,False,0.03829656168818474,0.9423299431800842,0.019373498857021332,True,False,False
15689,test,outlier_low_confidence,good,medium,medium,False,False,0.4573882818222046,0.4755718410015106,0.06703982502222061,True,False,False
15691,test,good_medium_overlap,good,medium,medium,False,False,0.17368966341018677,0.8095490336418152,0.01676129922270775,True,False,False
15748,test,outlier_low_confidence,good,medium,medium,False,False,0.02426289953291416,0.9606175422668457,0.01511953305453062,True,False,False
15751,test,outlier_low_confidence,good,medium,medium,False,False,0.023205474019050598,0.9627900719642639,0.01400441862642765,True,False,False
15762,test,outlier_low_confidence,good,medium,medium,False,False,0.2843709886074066,0.6766225695610046,0.03900642693042755,True,False,False
15807,test,outlier_low_confidence,good,medium,medium,False,False,0.023252852261066437,0.9630935192108154,0.013653650879859924,True,False,False
15808,test,outlier_low_confidence,good,medium,medium,False,False,0.2711969017982483,0.7053184509277344,0.023484596982598305,True,False,False
15826,test,good_medium_overlap,good,medium,medium,False,False,0.31333106756210327,0.6688650846481323,0.01780385710299015,True,False,False
15852,test,outlier_low_confidence,good,medium,bad,False,False,0.16932101547718048,0.6506010293960571,0.1800779402256012,True,False,False
15857,test,good_medium_overlap,good,medium,medium,False,False,0.19925768673419952,0.7831926345825195,0.017549678683280945,True,False,False
15911,test,outlier_low_confidence,good,medium,medium,False,False,0.05233563482761383,0.9212377071380615,0.02642669528722763,True,False,False
15966,test,outlier_low_confidence,good,medium,medium,False,False,0.19207245111465454,0.7896914482116699,0.018236083909869194,True,False,False
15978,test,outlier_low_confidence,good,medium,medium,False,False,0.1436300128698349,0.818008542060852,0.038361430168151855,True,False,False
15986,test,outlier_low_confidence,good,medium,medium,False,False,0.1783021241426468,0.8015965819358826,0.020101318135857582,True,False,False
15990,test,outlier_low_confidence,good,medium,medium,False,False,0.0268582534044981,0.9591456055641174,0.013996156863868237,True,False,False
15992,test,outlier_low_confidence,good,medium,medium,False,False,0.09783610701560974,0.887550413608551,0.014613539911806583,True,False,False
15996,test,outlier_low_confidence,good,medium,medium,False,False,0.022753888741135597,0.9652329683303833,0.012013135477900505,True,False,False
16003,test,outlier_low_confidence,good,medium,medium,False,False,0.07051707059144974,0.9150761961936951,0.01440669596195221,True,False,False
16041,test,outlier_low_confidence,good,medium,medium,False,False,0.04821312054991722,0.9311792850494385,0.020607559010386467,True,False,False
16167,test,outlier_low_confidence,good,medium,medium,False,False,0.02501474879682064,0.9623438715934753,0.012641395442187786,True,False,False
16171,test,outlier_low_confidence,good,medium,medium,False,False,0.03581748530268669,0.9404137134552002,0.023768754675984383,True,False,False
16178,test,outlier_low_confidence,good,medium,medium,False,False,0.12130673974752426,0.8604245781898499,0.018268698826432228,True,False,False
16197,test,outlier_low_confidence,good,medium,medium,False,False,0.039498183876276016,0.937021791934967,0.023480016738176346,True,False,False
16221,test,outlier_low_confidence,good,medium,medium,False,False,0.1462886929512024,0.8354783058166504,0.01823301427066326,True,False,False
16227,test,outlier_low_confidence,good,medium,medium,False,False,0.039394915103912354,0.9357454776763916,0.024859685450792313,True,False,False
16239,test,outlier_low_confidence,good,medium,medium,False,False,0.45231321454048157,0.5249148011207581,0.022771980613470078,True,False,False
16245,test,outlier_low_confidence,good,medium,medium,False,False,0.022557351738214493,0.966198742389679,0.011243939399719238,True,False,False
16247,test,outlier_low_confidence,good,medium,medium,False,False,0.025775035843253136,0.9612558484077454,0.012969141826033592,True,False,False
16248,test,outlier_low_confidence,good,medium,medium,False,False,0.10009181499481201,0.8303739428520203,0.06953424960374832,True,False,False
16249,test,outlier_low_confidence,good,medium,medium,False,False,0.021894190460443497,0.9668036103248596,0.011302152648568153,True,False,False
16263,test,outlier_low_confidence,good,medium,medium,False,False,0.03426047042012215,0.9432951807975769,0.022444337606430054,True,False,False
16268,test,outlier_low_confidence,good,medium,medium,False,False,0.02053266018629074,0.966620147228241,0.012847237288951874,True,False,False
16281,test,outlier_low_confidence,good,medium,medium,False,False,0.023305295035243034,0.9613052010536194,0.015389480628073215,True,False,False
16309,test,outlier_low_confidence,good,medium,medium,False,False,0.024565398693084717,0.9588673710823059,0.016567211598157883,True,False,False
16320,test,outlier_low_confidence,good,medium,medium,False,False,0.02193850837647915,0.9640441536903381,0.014017351903021336,True,False,False
16336,test,outlier_low_confidence,good,medium,medium,False,False,0.02054964378476143,0.9690801501274109,0.010370233096182346,True,False,False
16337,test,outlier_low_confidence,good,medium,medium,False,False,0.02188618667423725,0.9645658135414124,0.013548008166253567,True,False,False
16356,test,outlier_low_confidence,good,medium,medium,False,False,0.029729407280683517,0.956058919429779,0.014211712405085564,True,False,False
16360,test,outlier_low_confidence,good,medium,medium,False,False,0.02041451819241047,0.9672306776046753,0.012354744598269463,True,False,False
16361,test,outlier_low_confidence,good,medium,medium,False,False,0.46898454427719116,0.5125288367271423,0.01848660781979561,True,False,False
16366,test,outlier_low_confidence,good,medium,medium,False,False,0.40302857756614685,0.5758837461471558,0.021087713539600372,True,False,False
16374,test,outlier_low_confidence,good,medium,medium,False,False,0.023662569001317024,0.9643986821174622,0.011938760057091713,True,False,False
16393,test,outlier_low_confidence,good,medium,medium,False,False,0.03462287411093712,0.9458419680595398,0.019535191357135773,True,False,False
16394,test,outlier_low_confidence,good,medium,medium,False,False,0.0196858961135149,0.9665510654449463,0.0137630058452487,True,False,False
16417,test,outlier_low_confidence,good,medium,medium,False,False,0.0398082472383976,0.93612140417099,0.02407032996416092,True,False,False
16422,test,outlier_low_confidence,good,medium,medium,False,False,0.02356933429837227,0.9637096524238586,0.012721040286123753,True,False,False
16429,test,outlier_low_confidence,good,medium,medium,False,False,0.12377258390188217,0.8566592931747437,0.01956813409924507,True,False,False
16438,test,outlier_low_confidence,good,medium,medium,False,False,0.04786688834428787,0.9280776381492615,0.024055495858192444,True,False,False
16442,test,outlier_low_confidence,good,medium,medium,False,False,0.021345706656575203,0.9681482911109924,0.010506047867238522,True,False,False
16445,test,outlier_low_confidence,good,medium,medium,False,False,0.02014455385506153,0.9682332277297974,0.011622266843914986,True,False,False
16450,test,outlier_low_confidence,good,medium,medium,False,False,0.03816938027739525,0.9386679530143738,0.02316270023584366,True,False,False
16453,test,outlier_low_confidence,good,medium,medium,False,False,0.09063324332237244,0.8852953314781189,0.024071432650089264,True,False,False
16456,test,outlier_low_confidence,good,medium,medium,False,False,0.03414533659815788,0.9452725052833557,0.020582180470228195,True,False,False
16460,test,outlier_low_confidence,good,medium,medium,False,False,0.01870410330593586,0.9706916809082031,0.010604227893054485,True,False,False
16473,test,outlier_low_confidence,good,medium,medium,False,False,0.24140974879264832,0.7366573214530945,0.021932903677225113,True,False,False
16481,test,outlier_low_confidence,good,medium,medium,False,False,0.04180480167269707,0.9342091679573059,0.023986011743545532,True,False,False
16499,test,outlier_low_confidence,good,medium,medium,False,False,0.03992009535431862,0.9348258972167969,0.02525397576391697,True,False,False
16502,test,outlier_low_confidence,good,medium,medium,False,False,0.026394249871373177,0.956373929977417,0.017231851816177368,True,False,False
16513,test,outlier_low_confidence,good,medium,medium,False,False,0.02364867366850376,0.9619395136833191,0.014411861076951027,True,False,False
16522,test,outlier_low_confidence,good,medium,medium,False,False,0.027217678725719452,0.9553336501121521,0.017448635771870613,True,False,False
16531,test,outlier_low_confidence,good,medium,medium,False,False,0.02413420006632805,0.9633668065071106,0.012499023228883743,True,False,False
16539,test,outlier_low_confidence,good,medium,medium,False,False,0.04823489487171173,0.9259209632873535,0.025844167917966843,True,False,False
16541,test,outlier_low_confidence,good,medium,medium,False,False,0.026183443143963814,0.9564710855484009,0.0173454862087965,True,False,False
16548,test,outlier_low_confidence,good,medium,medium,False,False,0.02561742439866066,0.9584745764732361,0.015908027067780495,True,False,False
16564,test,outlier_low_confidence,good,medium,medium,False,False,0.023914014920592308,0.9635958671569824,0.012490073218941689,True,False,False
16566,test,outlier_low_confidence,good,medium,medium,False,False,0.034425437450408936,0.9458264112472534,0.019748235121369362,True,False,False
16571,test,outlier_low_confidence,good,medium,medium,False,False,0.2370109111070633,0.7433842420578003,0.0196048766374588,True,False,False
16574,test,outlier_low_confidence,good,medium,medium,False,False,0.3649402856826782,0.61348557472229,0.021574178710579872,True,False,False
16575,test,outlier_low_confidence,good,medium,medium,False,False,0.024582918733358383,0.9630497097969055,0.01236739568412304,True,False,False
16579,test,outlier_low_confidence,good,medium,medium,False,False,0.27166739106178284,0.7048154473304749,0.023517092689871788,True,False,False
16589,test,outlier_low_confidence,good,medium,medium,False,False,0.04114934429526329,0.9324654340744019,0.026385223492980003,True,False,False
16592,test,outlier_low_confidence,good,medium,medium,False,False,0.028185531497001648,0.9601614475250244,0.011652995832264423,True,False,False
16599,test,outlier_low_confidence,good,medium,medium,False,False,0.31893670558929443,0.6620392799377441,0.019023999571800232,True,False,False
16600,test,outlier_low_confidence,good,medium,medium,False,False,0.028455466032028198,0.9527920484542847,0.018752528354525566,True,False,False
16608,test,outlier_low_confidence,good,medium,medium,False,False,0.046466127038002014,0.9260208606719971,0.02751305140554905,True,False,False
16609,test,outlier_low_confidence,good,medium,medium,False,False,0.024635490030050278,0.9600129127502441,0.015351586043834686,True,False,False
16616,test,outlier_low_confidence,good,medium,medium,False,False,0.02530459314584732,0.9585039615631104,0.016191516071558,True,False,False
16620,test,outlier_low_confidence,good,medium,medium,False,False,0.03986000642180443,0.9372380971908569,0.022901881486177444,True,False,False
16622,test,outlier_low_confidence,good,medium,medium,False,False,0.4709327220916748,0.505979597568512,0.023087752982974052,True,False,False
16627,test,outlier_low_confidence,good,medium,medium,False,False,0.02053367719054222,0.9651442170143127,0.014322048053145409,True,False,False
16629,test,outlier_low_confidence,good,medium,medium,False,False,0.46200060844421387,0.5145716667175293,0.023427700623869896,True,False,False
16635,test,outlier_low_confidence,good,medium,medium,False,False,0.0291938204318285,0.9533534049987793,0.017452795058488846,True,False,False
16641,test,outlier_low_confidence,good,medium,medium,False,False,0.021860627457499504,0.966640055179596,0.011499273590743542,True,False,False
16642,test,outlier_low_confidence,good,medium,medium,False,False,0.09576017409563065,0.8656538128852844,0.038586024194955826,True,False,False
16643,test,outlier_low_confidence,good,medium,medium,False,False,0.1469949334859848,0.8257433772087097,0.02726173959672451,True,False,False
16644,test,outlier_low_confidence,good,medium,medium,False,False,0.03372672572731972,0.9455764889717102,0.020696833729743958,True,False,False
16651,test,outlier_low_confidence,good,medium,medium,False,False,0.021076075732707977,0.9681940078735352,0.010729948058724403,True,False,False
16652,test,outlier_low_confidence,good,medium,medium,False,False,0.14205604791641235,0.8392921686172485,0.018651742488145828,True,False,False
16653,test,outlier_low_confidence,good,medium,medium,False,False,0.020512156188488007,0.966980516910553,0.012507292442023754,True,False,False
16661,test,outlier_low_confidence,good,medium,medium,False,False,0.06100901588797569,0.9225403666496277,0.016450615599751472,True,False,False
16667,test,outlier_low_confidence,good,medium,medium,False,False,0.03688929229974747,0.9410039782524109,0.02210676670074463,True,False,False
16681,test,outlier_low_confidence,good,medium,medium,False,False,0.053465064615011215,0.9316872954368591,0.01484766136854887,True,False,False
16682,test,outlier_low_confidence,good,medium,medium,False,False,0.07238008081912994,0.911332905292511,0.01628701761364937,True,False,False
16689,test,outlier_low_confidence,good,medium,medium,False,False,0.02288355864584446,0.9636715650558472,0.013444800861179829,True,False,False
16690,test,outlier_low_confidence,good,medium,medium,False,False,0.021337229758501053,0.964791476726532,0.013871284201741219,True,False,False
16691,test,outlier_low_confidence,good,medium,medium,False,False,0.12753114104270935,0.8504048585891724,0.022063957527279854,True,False,False
16692,test,outlier_low_confidence,good,medium,medium,False,False,0.03799184784293175,0.9408685564994812,0.021139588207006454,True,False,False
16701,test,outlier_low_confidence,good,medium,medium,False,False,0.03508371859788895,0.9434013962745667,0.021514862775802612,True,False,False
16702,test,outlier_low_confidence,good,medium,medium,False,False,0.034968242049217224,0.9428431987762451,0.022188592702150345,True,False,False
16707,test,outlier_low_confidence,good,medium,medium,False,False,0.05299215391278267,0.9239275455474854,0.02308029681444168,True,False,False
16712,test,outlier_low_confidence,good,medium,medium,False,False,0.024392874911427498,0.9592561721801758,0.01635093428194523,True,False,False
16716,test,outlier_low_confidence,good,medium,medium,False,False,0.03140399605035782,0.9484601020812988,0.020135900005698204,True,False,False
16717,test,outlier_low_confidence,good,medium,medium,False,False,0.03268942981958389,0.9458104968070984,0.02150006778538227,True,False,False
16718,test,outlier_low_confidence,good,medium,medium,False,False,0.023952048271894455,0.9626721739768982,0.013375790789723396,True,False,False
16719,test,outlier_low_confidence,good,medium,medium,False,False,0.016418596729636192,0.974073052406311,0.00950830988585949,True,False,False
16720,test,outlier_low_confidence,good,medium,medium,False,False,0.033643629401922226,0.9478553533554077,0.018500996753573418,True,False,False
16724,test,outlier_low_confidence,good,medium,medium,False,False,0.07185756415128708,0.910182535648346,0.017959944903850555,True,False,False
16733,test,outlier_low_confidence,good,medium,medium,False,False,0.03199218213558197,0.9508343935012817,0.017173437401652336,True,False,False
16735,test,outlier_low_confidence,good,medium,medium,False,False,0.033202651888132095,0.9449009895324707,0.02189636416733265,True,False,False
16750,test,outlier_low_confidence,good,medium,medium,False,False,0.045686494559049606,0.9298200607299805,0.02449342980980873,True,False,False
16758,test,outlier_low_confidence,good,medium,medium,False,False,0.34855782985687256,0.6313425302505493,0.020099587738513947,True,False,False
16763,test,outlier_low_confidence,good,medium,medium,False,False,0.02320505678653717,0.966586172580719,0.010208726860582829,True,False,False
16764,test,outlier_low_confidence,good,medium,medium,False,False,0.04332411661744118,0.9387667775154114,0.017909105867147446,True,False,False
16765,test,outlier_low_confidence,good,medium,medium,False,False,0.022525491192936897,0.9667497873306274,0.010724687948822975,True,False,False
16766,test,outlier_low_confidence,good,medium,medium,False,False,0.01983318105340004,0.9675787687301636,0.012588100507855415,True,False,False
16767,test,outlier_low_confidence,good,medium,medium,False,False,0.03908994793891907,0.9370598196983337,0.023850316181778908,True,False,False
16768,test,outlier_low_confidence,good,medium,medium,False,False,0.021461255848407745,0.9652890563011169,0.013249644078314304,True,False,False
16769,test,outlier_low_confidence,good,medium,medium,False,False,0.038029883056879044,0.939183235168457,0.022786930203437805,True,False,False
16777,test,outlier_low_confidence,good,medium,medium,False,False,0.017365077510476112,0.9698119759559631,0.012822961434721947,True,False,False
16782,test,outlier_low_confidence,good,medium,medium,False,False,0.01921088621020317,0.9701699018478394,0.010619228705763817,True,False,False
16786,test,outlier_low_confidence,good,medium,medium,False,False,0.022553380578756332,0.9646637439727783,0.012782838195562363,True,False,False
16787,test,outlier_low_confidence,good,medium,medium,False,False,0.027570253238081932,0.9608407020568848,0.011589022353291512,True,False,False
16788,test,outlier_low_confidence,good,medium,medium,False,False,0.02672451362013817,0.9549695253372192,0.018306009471416473,True,False,False
16792,test,outlier_low_confidence,good,medium,medium,False,False,0.0309401024132967,0.9498109817504883,0.019248921424150467,True,False,False
16795,test,outlier_low_confidence,good,medium,medium,False,False,0.02432822436094284,0.963959276676178,0.011712497100234032,True,False,False
16801,test,outlier_low_confidence,good,medium,medium,False,False,0.023784363642334938,0.9608317613601685,0.015383902005851269,True,False,False
16802,test,outlier_low_confidence,good,medium,medium,False,False,0.02073751389980316,0.9683547019958496,0.010907812044024467,True,False,False
16808,test,outlier_low_confidence,good,medium,medium,False,False,0.019741885364055634,0.9683486819267273,0.011909454129636288,True,False,False
16816,test,outlier_low_confidence,good,medium,medium,False,False,0.043428368866443634,0.9362202286720276,0.020351408049464226,True,False,False
16820,test,outlier_low_confidence,good,medium,medium,False,False,0.021842939779162407,0.9634690284729004,0.01468798890709877,True,False,False
16825,test,outlier_low_confidence,good,medium,medium,False,False,0.021932637318968773,0.9622120261192322,0.01585528627038002,True,False,False
16828,test,outlier_low_confidence,good,medium,medium,False,False,0.0314263254404068,0.94830322265625,0.020270423963665962,True,False,False
16830,test,outlier_low_confidence,good,medium,medium,False,False,0.038596153259277344,0.9459966421127319,0.015407179482281208,True,False,False
16834,test,outlier_low_confidence,good,medium,medium,False,False,0.022534793242812157,0.9661064743995667,0.011358710005879402,True,False,False
16841,test,outlier_low_confidence,good,medium,medium,False,False,0.01982877030968666,0.9657692313194275,0.014401932246983051,True,False,False
16845,test,outlier_low_confidence,good,medium,medium,False,False,0.056626174598932266,0.9264965057373047,0.016877301037311554,True,False,False
16848,test,outlier_low_confidence,good,medium,medium,False,False,0.033335380256175995,0.944953441619873,0.021711181849241257,True,False,False
16852,test,outlier_low_confidence,good,medium,medium,False,False,0.018675899133086205,0.9681065082550049,0.013217545114457607,True,False,False
16857,test,outlier_low_confidence,good,medium,medium,False,False,0.02902422659099102,0.9549420475959778,0.016033722087740898,True,False,False
16858,test,outlier_low_confidence,good,medium,medium,False,False,0.018333235755562782,0.9686112403869629,0.0130555285140872,True,False,False
16860,test,outlier_low_confidence,good,medium,medium,False,False,0.01903972588479519,0.9681286215782166,0.01283170748502016,True,False,False
16861,test,outlier_low_confidence,good,medium,medium,False,False,0.02585034817457199,0.9586043953895569,0.015545280650258064,True,False,False
16867,test,outlier_low_confidence,good,medium,medium,False,False,0.019727764651179314,0.9705148339271545,0.00975736416876316,True,False,False
16869,test,outlier_low_confidence,good,medium,medium,False,False,0.030193468555808067,0.9502266049385071,0.01957988180220127,True,False,False
16870,test,outlier_low_confidence,good,medium,medium,False,False,0.019965199753642082,0.9692178964614868,0.010816960595548153,True,False,False
16871,test,outlier_low_confidence,good,medium,medium,False,False,0.03395058214664459,0.9444001913070679,0.02164924331009388,True,False,False
16873,test,outlier_low_confidence,good,medium,medium,False,False,0.021056823432445526,0.9670646786689758,0.011878468096256256,True,False,False
16877,test,outlier_low_confidence,good,medium,medium,False,False,0.02661343477666378,0.955696165561676,0.017690373584628105,True,False,False
16880,test,outlier_low_confidence,good,medium,medium,False,False,0.02389369159936905,0.9606639742851257,0.015442374162375927,True,False,False
16883,test,outlier_low_confidence,good,medium,medium,False,False,0.018482323735952377,0.9692144393920898,0.01230322103947401,True,False,False
16884,test,outlier_low_confidence,good,medium,medium,False,False,0.026273904368281364,0.9571415781974792,0.016584530472755432,True,False,False
16885,test,outlier_low_confidence,good,medium,medium,False,False,0.02467481978237629,0.9615736603736877,0.013751480728387833,True,False,False
16887,test,outlier_low_confidence,good,medium,medium,False,False,0.018515681847929955,0.9666904211044312,0.014793924055993557,True,False,False
16891,test,outlier_low_confidence,good,medium,medium,False,False,0.032652851194143295,0.9484179615974426,0.018929148092865944,True,False,False
16893,test,outlier_low_confidence,good,medium,medium,False,False,0.020633859559893608,0.9647022485733032,0.014663941226899624,True,False,False
16895,test,outlier_low_confidence,good,medium,medium,False,False,0.02808467671275139,0.9559025764465332,0.01601281203329563,True,False,False
16896,test,outlier_low_confidence,good,medium,medium,False,False,0.017584284767508507,0.9722899794578552,0.010125741362571716,True,False,False
16897,test,outlier_low_confidence,good,medium,medium,False,False,0.029041599482297897,0.9536410570144653,0.017317386344075203,True,False,False
16899,test,outlier_low_confidence,good,medium,medium,False,False,0.02850399538874626,0.9516308903694153,0.019865121692419052,True,False,False
16902,test,outlier_low_confidence,good,medium,medium,False,False,0.023509815335273743,0.9666255116462708,0.00986473262310028,True,False,False
16903,test,outlier_low_confidence,good,medium,medium,False,False,0.04327825829386711,0.930402934551239,0.026318788528442383,True,False,False
16904,test,outlier_low_confidence,good,medium,medium,False,False,0.022303223609924316,0.9620224833488464,0.015674248337745667,True,False,False
16905,test,outlier_low_confidence,good,medium,medium,False,False,0.019536161795258522,0.9707048535346985,0.009759046137332916,True,False,False
16906,test,outlier_low_confidence,good,medium,medium,False,False,0.03303323686122894,0.9463861584663391,0.020580606535077095,True,False,False
16908,test,outlier_low_confidence,good,medium,medium,False,False,0.02084060199558735,0.9691632390022278,0.009996159002184868,True,False,False
16910,test,outlier_low_confidence,good,medium,medium,False,False,0.031529929488897324,0.9477828741073608,0.020687205716967583,True,False,False
16911,test,outlier_low_confidence,good,medium,medium,False,False,0.030734844505786896,0.9481647610664368,0.021100429818034172,True,False,False
16912,test,outlier_low_confidence,good,medium,medium,False,False,0.020428255200386047,0.9666134715080261,0.012958323583006859,True,False,False
16913,test,outlier_low_confidence,good,medium,medium,False,False,0.020639173686504364,0.9696593284606934,0.009701546281576157,True,False,False
16914,test,outlier_low_confidence,good,medium,medium,False,False,0.027153825387358665,0.9582799077033997,0.014566199854016304,True,False,False
16915,test,outlier_low_confidence,good,medium,medium,False,False,0.01863934099674225,0.9680495262145996,0.013311093673110008,True,False,False
16916,test,outlier_low_confidence,good,medium,medium,False,False,0.045149147510528564,0.9353655576705933,0.019485341385006905,True,False,False
16917,test,outlier_low_confidence,good,medium,medium,False,False,0.04811634123325348,0.9345765709877014,0.01730707287788391,True,False,False
16918,test,outlier_low_confidence,good,medium,medium,False,False,0.024751896038651466,0.9597968459129333,0.015451265498995781,True,False,False
16919,test,outlier_low_confidence,good,medium,medium,False,False,0.030563324689865112,0.9491753578186035,0.020261239260435104,True,False,False
16920,test,outlier_low_confidence,good,medium,medium,False,False,0.020000560209155083,0.9670811295509338,0.012918268330395222,True,False,False
16921,test,outlier_low_confidence,good,medium,medium,False,False,0.023738890886306763,0.962236225605011,0.014024882577359676,True,False,False
16922,test,outlier_low_confidence,good,medium,medium,False,False,0.02993795834481716,0.9506775736808777,0.019384391605854034,True,False,False
16927,test,outlier_low_confidence,good,medium,medium,False,False,0.03303515911102295,0.9472044110298157,0.01976046711206436,True,False,False
16928,test,outlier_low_confidence,good,medium,medium,False,False,0.0391174852848053,0.9340899586677551,0.026792502030730247,True,False,False
16931,test,outlier_low_confidence,good,medium,medium,False,False,0.018267318606376648,0.9715936183929443,0.010139063000679016,True,False,False
16932,test,outlier_low_confidence,good,medium,medium,False,False,0.023361146450042725,0.9609627723693848,0.015676157549023628,True,False,False
16934,test,outlier_low_confidence,good,medium,medium,False,False,0.02087218686938286,0.9664344787597656,0.012693295255303383,True,False,False
16935,test,outlier_low_confidence,good,medium,medium,False,False,0.02843400277197361,0.9528943300247192,0.018671663478016853,True,False,False
16936,test,outlier_low_confidence,good,medium,medium,False,False,0.018345117568969727,0.9710835218429565,0.010571342892944813,True,False,False
16938,test,outlier_low_confidence,good,medium,medium,False,False,0.020033570006489754,0.9701271653175354,0.009839333593845367,True,False,False
16940,test,outlier_low_confidence,good,medium,medium,False,False,0.018930044025182724,0.967920184135437,0.013149754144251347,True,False,False
16941,test,outlier_low_confidence,good,medium,medium,False,False,0.020112453028559685,0.9698525667190552,0.010034991428256035,True,False,False
16942,test,outlier_low_confidence,good,medium,medium,False,False,0.24626824259757996,0.7349720597267151,0.018759651109576225,True,False,False
16944,test,outlier_low_confidence,good,medium,medium,False,False,0.018958810716867447,0.9696893692016602,0.011351865716278553,True,False,False
16945,test,outlier_low_confidence,good,medium,medium,False,False,0.018992090597748756,0.9706670045852661,0.010340931825339794,True,False,False
16947,test,outlier_low_confidence,good,medium,medium,False,False,0.01859489269554615,0.9688498377799988,0.012555222027003765,True,False,False
16948,test,outlier_low_confidence,good,medium,medium,False,False,0.020009247586131096,0.9692286252975464,0.01076209731400013,True,False,False
16949,test,outlier_low_confidence,good,medium,medium,False,False,0.018116263672709465,0.9685307741165161,0.013352951966226101,True,False,False
16950,test,outlier_low_confidence,good,medium,medium,False,False,0.021052386611700058,0.9648969769477844,0.01405066717416048,True,False,False
16952,test,outlier_low_confidence,good,medium,medium,False,False,0.0186972264200449,0.9703989624977112,0.010903800837695599,True,False,False
16953,test,outlier_low_confidence,good,medium,medium,False,False,0.21950827538967133,0.7612643837928772,0.019227316603064537,True,False,False
16954,test,outlier_low_confidence,good,medium,medium,False,False,0.018367892131209373,0.9691790342330933,0.012453053146600723,True,False,False
16956,test,outlier_low_confidence,good,medium,medium,False,False,0.023842865601181984,0.9638603925704956,0.0122967679053545,True,False,False
16957,test,outlier_low_confidence,good,medium,medium,False,False,0.018906811252236366,0.9701733589172363,0.010919839143753052,True,False,False
16958,test,outlier_low_confidence,good,medium,medium,False,False,0.02634967677295208,0.954950749874115,0.0186996478587389,True,False,False
16959,test,outlier_low_confidence,good,medium,medium,False,False,0.020157258957624435,0.9701836109161377,0.009659187868237495,True,False,False
16960,test,outlier_low_confidence,good,medium,medium,False,False,0.021442027762532234,0.9680924415588379,0.010465508326888084,True,False,False
16962,test,outlier_low_confidence,good,medium,medium,False,False,0.019463835284113884,0.9706465601921082,0.009889638051390648,True,False,False
16963,test,outlier_low_confidence,good,medium,medium,False,False,0.024783292785286903,0.9593616127967834,0.015855135396122932,True,False,False
16964,test,outlier_low_confidence,good,medium,medium,False,False,0.017600663006305695,0.9729279279708862,0.00947138573974371,True,False,False
16965,test,outlier_low_confidence,good,medium,medium,False,False,0.20841802656650543,0.7705092430114746,0.02107272297143936,True,False,False
16967,test,outlier_low_confidence,good,medium,medium,False,False,0.028042005375027657,0.9532209038734436,0.018737133592367172,True,False,False
16968,test,outlier_low_confidence,good,medium,medium,False,False,0.019907807931303978,0.9681814908981323,0.011910760775208473,True,False,False
16969,test,outlier_low_confidence,good,medium,medium,False,False,0.058876920491456985,0.9214829206466675,0.019640231505036354,True,False,False
16970,test,outlier_low_confidence,good,medium,medium,False,False,0.034290846437215805,0.9447910785675049,0.020918074995279312,True,False,False
16971,test,outlier_low_confidence,good,medium,medium,False,False,0.0299111045897007,0.952124834060669,0.017964117228984833,True,False,False
16972,test,outlier_low_confidence,good,medium,medium,False,False,0.02648193947970867,0.955623984336853,0.017894092947244644,True,False,False
16974,test,outlier_low_confidence,good,medium,medium,False,False,0.01847686991095543,0.9701428413391113,0.011380225419998169,True,False,False
16975,test,outlier_low_confidence,good,medium,medium,False,False,0.018088141456246376,0.9718421101570129,0.010069712996482849,True,False,False
16976,test,outlier_low_confidence,good,medium,medium,False,False,0.036027148365974426,0.9424042701721191,0.02156853675842285,True,False,False
16977,test,outlier_low_confidence,good,medium,medium,False,False,0.018828991800546646,0.9706324934959412,0.010538446716964245,True,False,False
16978,test,outlier_low_confidence,good,medium,medium,False,False,0.0376119427382946,0.9419253468513489,0.02046268805861473,True,False,False
16979,test,outlier_low_confidence,good,medium,medium,False,False,0.0174346175044775,0.9707250595092773,0.011840340681374073,True,False,False
16981,test,outlier_low_confidence,good,medium,medium,False,False,0.07105151563882828,0.9056005477905273,0.023347916081547737,True,False,False
16985,test,outlier_low_confidence,good,medium,medium,False,False,0.030719753354787827,0.9495350122451782,0.019745204597711563,True,False,False
16986,test,outlier_low_confidence,good,medium,medium,False,False,0.02171263098716736,0.9680739045143127,0.010213475674390793,True,False,False
16988,test,outlier_low_confidence,good,medium,medium,False,False,0.01937507465481758,0.9661777019500732,0.014447181485593319,True,False,False
16990,test,outlier_low_confidence,good,medium,medium,False,False,0.02286479063332081,0.9618542790412903,0.015280967578291893,True,False,False
16991,test,outlier_low_confidence,good,medium,medium,False,False,0.01841023378074169,0.971869945526123,0.009719843044877052,True,False,False
16994,test,outlier_low_confidence,good,medium,medium,False,False,0.019661782309412956,0.9693520665168762,0.010986103676259518,True,False,False
16995,test,outlier_low_confidence,good,medium,medium,False,False,0.023405572399497032,0.9611423015594482,0.015452045947313309,True,False,False
16998,test,outlier_low_confidence,good,medium,medium,False,False,0.019624074921011925,0.9701933264732361,0.010182550176978111,True,False,False
16999,test,outlier_low_confidence,good,medium,medium,False,False,0.029200108721852303,0.9516283869743347,0.01917146146297455,True,False,False
17000,test,outlier_low_confidence,good,medium,medium,False,False,0.02091774344444275,0.9671558737754822,0.011926391161978245,True,False,False
17002,test,outlier_low_confidence,good,medium,medium,False,False,0.040307894349098206,0.9330609440803528,0.026631128042936325,True,False,False
17003,test,outlier_low_confidence,good,medium,medium,False,False,0.020435016602277756,0.9702640771865845,0.009300877340137959,True,False,False
17006,test,outlier_low_confidence,good,medium,medium,False,False,0.01961362734436989,0.9695903658866882,0.010795950889587402,True,False,False
17010,test,outlier_low_confidence,good,medium,medium,False,False,0.025746751576662064,0.9572635889053345,0.016989702358841896,True,False,False
17011,test,outlier_low_confidence,good,medium,medium,False,False,0.018124394118785858,0.9700690507888794,0.011806623078882694,True,False,False
17012,test,outlier_low_confidence,good,medium,medium,False,False,0.018653977662324905,0.9696525931358337,0.011693447828292847,True,False,False
17013,test,outlier_low_confidence,good,medium,medium,False,False,0.01883157528936863,0.9714447259902954,0.009723683819174767,True,False,False
17014,test,outlier_low_confidence,good,medium,medium,False,False,0.024997374042868614,0.9581380486488342,0.016864603385329247,True,False,False
17015,test,outlier_low_confidence,good,medium,medium,False,False,0.018399061635136604,0.971470296382904,0.010130614973604679,True,False,False
17017,test,outlier_low_confidence,good,medium,medium,False,False,0.026356931775808334,0.9570033550262451,0.016639765352010727,True,False,False
17019,test,outlier_low_confidence,good,medium,medium,False,False,0.02608299069106579,0.9559085369110107,0.018008479848504066,True,False,False
17020,test,outlier_low_confidence,good,medium,medium,False,False,0.03297900781035423,0.9428319931030273,0.02418903447687626,True,False,False
17022,test,outlier_low_confidence,good,medium,medium,False,False,0.024728689342737198,0.9582800269126892,0.016991248354315758,True,False,False
17024,test,outlier_low_confidence,good,medium,medium,False,False,0.025683226063847542,0.9569734334945679,0.017343396320939064,True,False,False
17025,test,outlier_low_confidence,good,medium,medium,False,False,0.021884925663471222,0.9637088775634766,0.014406164176762104,True,False,False
17028,test,outlier_low_confidence,good,medium,medium,False,False,0.02183942124247551,0.9620915651321411,0.016068987548351288,True,False,False
17030,test,outlier_low_confidence,good,medium,medium,False,False,0.02511673979461193,0.9574604630470276,0.017422787845134735,True,False,False
17032,test,outlier_low_confidence,good,medium,medium,False,False,0.02223026379942894,0.9636697173118591,0.01410006359219551,True,False,False
17034,test,outlier_low_confidence,good,medium,medium,False,False,0.0727609395980835,0.90973299741745,0.017506001517176628,True,False,False
17035,test,outlier_low_confidence,good,medium,medium,False,False,0.06856127083301544,0.9126498103141785,0.01878891885280609,True,False,False
17037,test,outlier_low_confidence,good,medium,medium,False,False,0.02683614194393158,0.9560863375663757,0.017077500000596046,True,False,False
17038,test,outlier_low_confidence,good,medium,medium,False,False,0.035278402268886566,0.9458034634590149,0.01891811192035675,True,False,False
17039,test,outlier_low_confidence,good,medium,medium,False,False,0.026534199714660645,0.9548022747039795,0.01866355538368225,True,False,False
17040,test,outlier_low_confidence,good,medium,medium,False,False,0.03961877524852753,0.9410521984100342,0.01932905986905098,True,False,False
17041,test,outlier_low_confidence,good,medium,medium,False,False,0.022049443796277046,0.9630769491195679,0.014873577281832695,True,False,False
17042,test,outlier_low_confidence,good,medium,medium,False,False,0.07254151999950409,0.9091581106185913,0.01830037124454975,True,False,False
